 {
   "type": "tra",
   "sig": {
     "timeStamp": 1544542316902,
     "server": "binance",
     "V1_fSymbol": "BTC",
     "V1_tSymbol": "USDT",
     "V1_bid_one_price": 3367.9,
     "V1_bid_one_size": 0.0035269999999999998,
     "V1_bid_one_price_base": 3367.9,
     "V1_ask_one_price": 3369.3,
     "V1_ask_one_size": 1.794994,
     "V1_ask_one_price_base": 3369.3,
     "V2_fSymbol": "TRX",
     "V2_tSymbol": "USDT",
     "V2_bid_one_price": 0.013,
     "V2_bid_one_size": 2122353.2,
     "V2_bid_one_price_base": 0.013,
     "V2_ask_one_price": 0.0131,
     "V2_ask_one_size": 248093.5,
     "V2_ask_one_price_base": 0.0131,
     "V3_fSymbol": "TRX",
     "V3_tSymbol": "BTC",
     "V3_bid_one_price": 3.8e-06,
     "V3_bid_one_size": 8984565.0,
     "V3_bid_one_price_base": 0.012800680000000002,
     "V3_ask_one_price": 3.9e-06,
     "V3_ask_one_size": 3770251.0,
     "V3_ask_one_price_base": 0.013137540000000001,
     "V1_fee": 0.001,
     "V2_fee": 0.001,
     "V3_fee": 0.001,
     "C1_symbol": "BTC",
     "C2_symbol": "USDT",
     "C3_symbol": "TRX",
     "V1_one_price": 3367.9,
     "V1_one_price_base": 3367.9,
     "V1_one_size": 0.0035269999999999998,
     "C1_symbol_base": 3367.9,
     "V2_one_price": 0.0131,
     "V2_one_price_base": 0.0131,
     "V2_one_size": 906.7620839694655,
     "C2_symbol_base": 1.0,
     "V3_one_price": 3.8e-06,
     "V3_one_price_base": 0.012800680000000002,
     "V3_one_size": 927.965022170697,
     "C3_symbol_base": 0.012800680000000002,
     "gain_symbol": "USDT",
     "gain_base": 18.61412062869215,
     "gain_ratio": 0.02052811973258353
   }
 }
