{
  "type": "tra",
  "sig": {
    "timeStamp": 1544538520270,
    "server": "huobi",
    "V1_fSymbol": "ADA",
    "V1_tSymbol": "USDT",
    "V1_bid_one_price": 0.028,
    "V1_bid_one_size": 5933912.6293,
    "V1_bid_one_price_base": 0.028,
    "V1_ask_one_price": 0.029,
    "V1_ask_one_size": 115201.0799,
    "V1_ask_one_price_base": 0.029,
    "V2_fSymbol": "BTC",
    "V2_tSymbol": "USDT",
    "V2_bid_one_price": 3355.5,
    "V2_bid_one_size": 0.1,
    "V2_bid_one_price_base": 3355.5,
    "V2_ask_one_price": 3356.3,
    "V2_ask_one_size": 0.8859,
    "V2_ask_one_price_base": 3356.3,
    "V3_fSymbol": "ADA",
    "V3_tSymbol": "BTC",
    "V3_bid_one_price": 8.5e-06,
    "V3_bid_one_size": 866664.6200000001,
    "V3_bid_one_price_base": 0.02852515,
    "V3_ask_one_price": 8.7e-06,
    "V3_ask_one_size": 465423.78,
    "V3_ask_one_price_base": 0.02919633,
    "V1_fee": 0.002,
    "V2_fee": 0.002,
    "V3_fee": 0.002,
    "C1_symbol": "ADA",
    "C2_symbol": "USDT",
    "C3_symbol": "BTC",
    "V1_one_price": 0.028,
    "V1_one_price_base": 0.028,
    "V1_one_size": 106190.93464285714,
    "V2_one_price": 3356.3,
    "V2_one_price_base": 3356.3,
    "V2_one_size": 0.8859,
    "V3_one_price": 8.7e-06,
    "V3_one_price_base": 0.02919633,
    "V3_one_size": 101839.72334879077,
    "gain_ratio": 0.018897987670265348,
    "gain_base": 1516558213732.6733,
    "gain_symbol": "BTC"
  }
}
