{
  "type": "tra",
  "sig": {
    "timeStamp": 1544527966247,
    "server": "okex",
    "V1_fSymbol": "INS",
    "V1_tSymbol": "BTC",
    "V1_bid_one_price": 5.9e-05,
    "V1_bid_one_size": 2757.018,
    "V1_bid_one_price_base": 0.1986766,
    "V1_ask_one_price": 6.1e-05,
    "V1_ask_one_size": 471.36699999999996,
    "V1_ask_one_price_base": 0.2054114,
    "V2_fSymbol": "ETH",
    "V2_tSymbol": "BTC",
    "V2_bid_one_price": 0.02589499,
    "V2_bid_one_size": 3.638383,
    "V2_bid_one_price_base": 87.198789326,
    "V2_ask_one_price": 0.02590645,
    "V2_ask_one_size": 0.368916,
    "V2_ask_one_price_base": 87.23737973,
    "V3_fSymbol": "INS",
    "V3_tSymbol": "ETH",
    "V3_bid_one_price": 0.00230376,
    "V3_bid_one_size": 25.0,
    "V3_bid_one_price_base": 0.20100306,
    "V3_ask_one_price": 0.00234377,
    "V3_ask_one_size": 25.0,
    "V3_ask_one_price_base": 0.20449393249999998,
    "V1_fee": 0.0015,
    "V2_fee": 0.0015,
    "V3_fee": 0.0015,
    "C1_symbol": "INS",
    "C2_symbol": "BTC",
    "C3_symbol": "ETH",
    "V1_one_price": 5.9e-05,
    "V1_one_price_base": 0.1986766,
    "V1_one_size": 25.73201027448627,
    "V2_one_price": 0.02590645,
    "V2_one_price_base": 87.23737973,
    "V2_one_size": 0.05860272658718929,
    "V3_one_price": 0.00234377,
    "V3_one_price_base": 0.20449393249999998,
    "V3_one_size": 25.0,
    "gain_ratio": 0.012817001593781272,
    "gain_base": 198.10765763285585,
    "gain_symbol": "BTC"
  }
}
