{
  "type": "dis",
  "sig": {
    "timeStamp": 1544580755011,
    "bid_server": "huobi",
    "ask_server": "binance",
    "fSymbol": "TRX",
    "tSymbol": "ETH",
    "bid_price": 0.0001506,
    "bid_size": 3992.0,
    "bid_price_base": 0.01321515,
    "ask_price": 0.000151,
    "ask_size": 3992.0,
    "ask_price_base": 0.0132427,
    "bid_fee": 0.002,
    "ask_fee": 0.001,
    "gain_base": -0.26835421599999554,
    "gain_ratio": -0.0028255968169761596
  }
}

{
  "type": "tra",
  "sig": {
    "timeStamp": 1544542316902,
    "server": "binance",
    "V1_fSymbol": "BTC",
    "V1_tSymbol": "USDT",
    "V2_fSymbol": "TRX",
    "V2_tSymbol": "USDT",
    "V3_fSymbol": "TRX",
    "V3_tSymbol": "BTC",
    "V1_bid_one_price": 3367.9,
    "V1_bid_one_size": 0.0035269999999999998,
    "V1_bid_one_price_base": 3367.9,
    "V1_ask_one_price": 3369.3,
    "V1_ask_one_size": 1.794994,
    "V1_ask_one_price_base": 3369.3,
    "V2_bid_one_price": 0.013,
    "V2_bid_one_size": 2122353.2,
    "V2_bid_one_price_base": 0.013,
    "V2_ask_one_price": 0.0131,
    "V2_ask_one_size": 248093.5,
    "V2_ask_one_price_base": 0.0131,
    "V3_bid_one_price": 3.8e-06,
    "V3_bid_one_size": 8984565.0,
    "V3_bid_one_price_base": 0.012800680000000002,
    "V3_ask_one_price": 3.9e-06,
    "V3_ask_one_size": 3770251.0,
    "V3_ask_one_price_base": 0.013137540000000001,
    "V1_fee": 0.001,
    "V2_fee": 0.001,
    "V3_fee": 0.001,
    "C1_symbol": "BTC",
    "C2_symbol": "USDT",
    "C3_symbol": "TRX",
    "V1_one_price": 3367.9,
    "V1_one_price_base": 3367.9,
    "V1_one_size": 0.0035269999999999998,
    "C1_symbol_base": 3367.9,
    "V2_one_price": 0.0131,
    "V2_one_price_base": 0.0131,
    "V2_one_size": 906.7620839694655,
    "C2_symbol_base": 1.0,
    "V3_one_price": 3.8e-06,
    "V3_one_price_base": 0.012800680000000002,
    "V3_one_size": 927.965022170697,
    "C3_symbol_base": 0.012800680000000002,
    "gain_symbol": "USDT",
    "gain_base": 18.61412062869215,
    "gain_ratio": 0.02052811973258353
  }
}

{
  "type": "pair",
  "sig": {
    "timeStamp": 1544579418013,
    "J1_server": "binance",
    "J2_server": "huobi",
    "V1_fSymbol": "ETH",
    "V1_tSymbol": "BTC",
    "V2_fSymbol": "TRX",
    "V2_tSymbol": "BTC",
    "V3_fSymbol": "TRX",
    "V3_tSymbol": "ETH",
    "J1_V1_bid_one_price": 0.025962,
    "J1_V1_bid_one_size": 1.27,
    "J1_V1_bid_one_price_base": 87.5581431,
    "J1_V1_ask_one_price": 0.025976,
    "J1_V1_ask_one_size": 1.269,
    "J1_V1_ask_one_price_base": 87.6053588,
    "J1_V2_bid_one_price": 3.9e-06,
    "J1_V2_bid_one_size": 265212.0,
    "J1_V2_bid_one_price_base": 0.013152945000000001,
    "J1_V2_ask_one_price": 4e-06,
    "J1_V2_ask_one_size": 15001637.0,
    "J1_V2_ask_one_price_base": 0.0134902,
    "J1_V3_bid_one_price": 0.0001501,
    "J1_V3_bid_one_size": 7684.0,
    "J1_V3_bid_one_price_base": 0.013141255,
    "J1_V3_ask_one_price": 0.0001504,
    "J1_V3_ask_one_size": 2492.0,
    "J1_V3_ask_one_price_base": 0.013167519999999999,
    "J2_V1_bid_one_price": 0.025967,
    "J2_V1_bid_one_size": 7.972,
    "J2_V1_bid_one_price_base": 87.55163554999999,
    "J2_V1_ask_one_price": 0.025988,
    "J2_V1_ask_one_size": 6.3838,
    "J2_V1_ask_one_price_base": 87.6224402,
    "J2_V2_bid_one_price": 3.8e-06,
    "J2_V2_bid_one_size": 4838050.1499999985,
    "J2_V2_bid_one_price_base": 0.012812269999999999,
    "J2_V2_ask_one_price": 4e-06,
    "J2_V2_ask_one_size": 2407629.6300000004,
    "J2_V2_ask_one_price_base": 0.013486599999999998,
    "J2_V3_bid_one_price": 0.00015,
    "J2_V3_bid_one_size": 29109.46,
    "J2_V3_bid_one_price_base": 0.0131475,
    "J2_V3_ask_one_price": 0.0001504,
    "J2_V3_ask_one_size": 236424.39,
    "J2_V3_ask_one_price_base": 0.013182560000000001,
    "J1_V1_fee": 0.001,
    "J1_V2_fee": 0.001,
    "J1_V3_fee": 0.001,
    "J2_V1_fee": 0.002,
    "J2_V2_fee": 0.002,
    "J2_V3_fee": 0.002,
    "C1_symbol": "ETH",
    "C2_symbol": "BTC",
    "C3_symbol": "TRX",
    "J1_V1_one_price": 0.025962,
    "J1_V1_one_price_base": 87.5581431,
    "J1_V1_one_size": 1.1532611342005492,
    "J2_V1_one_price": 0.025988,
    "J2_V1_one_price_base": 87.6224402,
    "J2_V1_one_size": 1.1532611342005492,
    "J1_V2_one_price": 4e-06,
    "J1_V2_one_price_base": 0.0134902,
    "J1_V2_one_size": 7485.241391528664,
    "J2_V2_one_price": 3.8e-06,
    "J2_V2_one_price_base": 0.012812269999999999,
    "J2_V2_one_size": 7485.241391528664,
    "J1_V3_one_price": 0.0001501,
    "J1_V3_one_price_base": 0.013141255,
    "J1_V3_one_size": 7683.999999999999,
    "J2_V3_one_price": 0.0001504,
    "J2_V3_one_price_base": 0.013182560000000001,
    "J2_V3_one_size": 7683.999999999999,
    "gain_base": 3.7834999607673963,
    "gain_ratio": 0.019654279406733862
  }
}
